Company Name,Industry,Symbol,Series,ISIN Code
Reliance Industries Ltd.,,RELIANCE,EQ,
Tata Consultancy Services Ltd.,,TCS,EQ,
HDFC Bank Ltd.,,HDFCBANK,EQ,
ICICI Bank Ltd.,,ICICIBANK,EQ,
Infosys Ltd.,,INFY,EQ,
Bharti Airtel Ltd.,,BHARTIARTL,EQ,
State Bank of India,,SBIN,EQ,
ITC Ltd.,,ITC,EQ,
Larsen & Toubro Ltd.,,LT,EQ,
Hindustan Unilever Ltd.,,HINDUNILVR,EQ,
Kotak Mahindra Bank Ltd.,,KOTAKBANK,EQ,
Axis Bank Ltd.,,AXISBANK,EQ,
Bajaj Finance Ltd.,,BAJFINANCE,EQ,
Maruti Suzuki India Ltd.,,MARUTI,EQ,
Sun Pharmaceutical Industries Ltd.,,SUNPHARMA,EQ,
Mahindra & Mahindra Ltd.,,M&M,EQ,
Titan Company Ltd.,,TITAN,EQ,
NTPC Ltd.,,NTPC,EQ,
UltraTech Cement Ltd.,,ULTRACEMCO,EQ,
Oil & Natural Gas Corporation Ltd.,,ONGC,EQ,
Power Grid Corporation of India Ltd.,,POWERGRID,EQ,
Tata Steel Ltd.,,TATASTEEL,EQ,
Adani Ports and Special Economic Zone Ltd.,,ADANIPORTS,EQ,
Wipro Ltd.,,WIPRO,EQ,
HCL Technologies Ltd.,,HCLTECH,EQ,
Coal India Ltd.,,COALINDIA,EQ,
JSW Steel Ltd.,,JSWSTEEL,EQ,
Bajaj Finserv Ltd.,,BAJAJFINSV,EQ,
Nestle India Ltd.,,NESTLEIND,EQ,
Asian Paints Ltd.,,ASIANPAINT,EQ,
Tech Mahindra Ltd.,,TECHM,EQ,
Grasim Industries Ltd.,,GRASIM,EQ,
Hindalco Industries Ltd.,,HINDALCO,EQ,
Cipla Ltd.,,CIPLA,EQ,
Dr. Reddy's Laboratories Ltd.,,DRREDDY,EQ,
Eicher Motors Ltd.,,EICHERMOT,EQ,
Bharat Petroleum Corporation Ltd.,,BPCL,EQ,
Tata Consumer Products Ltd.,,TATACONSUM,EQ,
Apollo Hospitals Enterprise Ltd.,,APOLLOHOSP,EQ,
Divi's Laboratories Ltd.,,DIVISLAB,EQ,
Hero MotoCorp Ltd.,,HEROMOTOCO,EQ,
Britannia Industries Ltd.,,BRITANNIA,EQ,
IndusInd Bank Ltd.,,INDUSINDBK,EQ,
SBI Life Insurance Company Ltd.,,SBILIFE,EQ,
HDFC Life Insurance Company Ltd.,,HDFCLIFE,EQ,
Adani Enterprises Ltd.,,ADANIENT,EQ,
Tata Motors Ltd.,,TATAMOTORS,EQ,
Bajaj Auto Ltd.,,BAJAJ-AUTO,EQ,
Shriram Finance Ltd.,,SHRIRAMFIN,EQ,
Trent Ltd.,,TRENT,EQ,
Bharat Electronics Ltd.,,BEL,EQ,
Eternal Ltd.,,ETERNAL,EQ,
Jio Financial Services Ltd.,,JIOFIN,EQ,
Hindustan Aeronautics Ltd.,,HAL,EQ,
DLF Ltd.,,DLF,EQ,
Vedanta Ltd.,,VEDL,EQ,
Indian Oil Corporation Ltd.,,IOC,EQ,
GAIL (India) Ltd.,,GAIL,EQ,
Power Finance Corporation Ltd.,,PFC,EQ,
REC Ltd.,,RECLTD,EQ,
Canara Bank,,CANBK,EQ,
Bank of Baroda,,BANKBARODA,EQ,
Punjab National Bank,,PNB,EQ,
TVS Motor Company Ltd.,,TVSMOTOR,EQ,
Cholamandalam Investment and Finance Company Ltd.,,CHOLAFIN,EQ,
Siemens Ltd.,,SIEMENS,EQ,
ABB India Ltd.,,ABB,EQ,
Havells India Ltd.,,HAVELLS,EQ,
Pidilite Industries Ltd.,,PIDILITIND,EQ,
Godrej Consumer Products Ltd.,,GODREJCP,EQ,
Dabur India Ltd.,,DABUR,EQ,
Marico Ltd.,,MARICO,EQ,
Ambuja Cements Ltd.,,AMBUJACEM,EQ,
Shree Cement Ltd.,,SHREECEM,EQ,
Bosch Ltd.,,BOSCHLTD,EQ,
Muthoot Finance Ltd.,,MUTHOOTFIN,EQ,
InterGlobe Aviation Ltd.,,INDIGO,EQ,
Indian Railway Catering And Tourism Corporation Ltd.,,IRCTC,EQ,
Polycab India Ltd.,,POLYCAB,EQ,
Persistent Systems Ltd.,,PERSISTENT,EQ,
LTIMindtree Ltd.,,LTIM,EQ,
Mphasis Ltd.,,MPHASIS,EQ,
Coforge Ltd.,,COFORGE,EQ,
Dixon Technologies (India) Ltd.,,DIXON,EQ,
Aurobindo Pharma Ltd.,,AUROPHARMA,EQ,
Lupin Ltd.,,LUPIN,EQ,
Torrent Pharmaceuticals Ltd.,,TORNTPHARM,EQ,
Zydus Lifesciences Ltd.,,ZYDUSLIFE,EQ,
Max Healthcare Institute Ltd.,,MAXHEALTH,EQ,
Federal Bank Ltd.,,FEDERALBNK,EQ,
IDFC First Bank Ltd.,,IDFCFIRSTB,EQ,
AU Small Finance Bank Ltd.,,AUBANK,EQ,
Bharat Forge Ltd.,,BHARATFORG,EQ,
Cummins India Ltd.,,CUMMINSIND,EQ,
SRF Ltd.,,SRF,EQ,
Page Industries Ltd.,,PAGEIND,EQ,
Jindal Steel & Power Ltd.,,JINDALSTEL,EQ,
Steel Authority of India Ltd.,,SAIL,EQ,
NMDC Ltd.,,NMDC,EQ,
Tata Power Company Ltd.,,TATAPOWER,EQ,
NHPC Ltd.,,NHPC,EQ,
Indian Railway Finance Corporation Ltd.,,IRFC,EQ,
Rail Vikas Nigam Ltd.,,RVNL,EQ,
Bharat Heavy Electricals Ltd.,,BHEL,EQ,
Godrej Properties Ltd.,,GODREJPROP,EQ,
Oberoi Realty Ltd.,,OBEROIRLTY,EQ,
Lodha Developers Ltd.,,LODHA,EQ,
